{"sections":{"rich_text":{"type":"rich-text","blocks":{"heading":{"type":"heading","settings":{"heading":"<p>Skin Care as an act of Self Love<\/p>","heading_size":"h1"}},"text":{"type":"text","settings":{"text":"<p>Korean Beauty Products & European service!<\/p><p>Skino was founded in 2022 in order to bring quality cosmetics to people around the world who enjoy taking care of themselves.<\/p>"}}},"block_order":["heading","text"],"settings":{"desktop_content_position":"center","content_alignment":"center","color_scheme":"background-1","full_width":true,"padding_top":40,"padding_bottom":0}},"featured_collection":{"type":"featured-collection","settings":{"title":"Featured products","heading_size":"h2","description":"","show_description":false,"description_style":"body","collection":"home-page","products_to_show":8,"columns_desktop":4,"full_width":false,"show_view_all":true,"view_all_style":"solid","enable_desktop_slider":false,"color_scheme":"background-1","image_ratio":"adapt","show_secondary_image":true,"show_vendor":false,"show_rating":false,"enable_quick_add":false,"columns_mobile":"2","swipe_on_mobile":false,"padding_top":28,"padding_bottom":36}},"collage":{"type":"collage","disabled":true,"blocks":{"collection-0":{"type":"collection","settings":{"collection":""}},"product":{"type":"product","settings":{"product":"","second_image":false}},"collection-1":{"type":"collection","settings":{"collection":""}}},"block_order":["collection-0","product","collection-1"],"settings":{"heading":"Multimedia collage","heading_size":"h2","desktop_layout":"left","mobile_layout":"collage","color_scheme":"background-1","padding_top":36,"padding_bottom":36}},"video":{"type":"video","disabled":true,"settings":{"heading":"","heading_size":"h1","video_url":"https:\/\/www.youtube.com\/watch?v=_9VUPq3SxOc","description":"","full_width":false,"color_scheme":"background-1","padding_top":36,"padding_bottom":36}},"1661093479d3cea9d0":{"type":"rich-text","disabled":true,"blocks":{"1661093479010caca6-2":{"type":"button","settings":{"button_label":"Show all products","button_link":"shopify:\/\/collections\/all","button_style_secondary":false,"button_label_2":"","button_link_2":"","button_style_secondary_2":false}}},"block_order":["1661093479010caca6-2"],"settings":{"desktop_content_position":"center","content_alignment":"center","color_scheme":"background-1","full_width":true,"padding_top":40,"padding_bottom":52}},"multicolumn":{"type":"multicolumn","blocks":{"column1":{"type":"column","settings":{"title":"","text":"<p>Korean beauty products use much gentler formulas thanks to the Korean tradition of using natural, unique, and harsh-free ingredients passed through multiple generations.<\/p>","link_label":"","link":""}},"column2":{"type":"column","settings":{"title":"","text":"<p>Korean culture has an emphasis on being your best self regardless of the situation, so caring for your appearances is equally as important.<\/p>","link_label":"","link":""}},"column3":{"type":"column","settings":{"title":"","text":"<p>Even after extensive research that goes into providing only the best ingredients, they are affordable and reasonably priced!<\/p>","link_label":"","link":""}}},"block_order":["column1","column2","column3"],"settings":{"title":"","heading_size":"h1","image_width":"third","image_ratio":"adapt","columns_desktop":3,"column_alignment":"center","background_style":"none","button_label":"","button_link":"","color_scheme":"background-1","columns_mobile":"1","swipe_on_mobile":false,"padding_top":36,"padding_bottom":36}}},"order":["rich_text","featured_collection","collage","video","1661093479d3cea9d0","multicolumn"]}