{"sections":{"main":{"type":"main-product","blocks":{"vendor":{"type":"text","settings":{"text":"{{ product.vendor }}","text_style":"uppercase"}},"title":{"type":"title","settings":{}},"caption":{"type":"text","settings":{"text":"{{ product.metafields.descriptors.subtitle.value }}","text_style":"subtitle"}},"price":{"type":"price","settings":{}},"variant_picker":{"type":"variant_picker","settings":{"picker_type":"button"}},"quantity_selector":{"type":"quantity_selector","settings":{}},"buy_buttons":{"type":"buy_buttons","settings":{"show_dynamic_checkout":true}},"description":{"type":"description","settings":{}},"collapsible-row-3":{"type":"collapsible_tab","settings":{"heading":"Care Instructions","icon":"heart","content":"<p>{{ product.metafields.custom.usage | metafield_tag }}<\/p>","page":""}},"collapsible-row-0":{"type":"collapsible_tab","settings":{"heading":"Ingredients","icon":"bottle","content":"<p>{{ product.metafields.custom.ingredients | metafield_tag }}<\/p>","page":""}},"e59992b9-d7e4-4d2a-b5ad-7f4f197254f7":{"type":"collapsible_tab","settings":{"heading":"Warning","icon":"eye","content":"<p>1. Only for external use<\/p><p>2. Do not apply on injured skin<\/p><p>3. If you experience skin irritations or adverse reactions, stop the treatment and contact a doctor.<\/p><p>4. Avoid contact with your eyes.<\/p><p>5. Store outside the reach of children<\/p><p>6. Do not swallow. <\/p>","page":""}},"share":{"type":"share","settings":{"share_label":"Share"}},"opinew-stars-plugin-product":{"type":"shopify:\/\/apps\/opinew-product-reviews-app\/blocks\/product-stars\/e1d8e0dc-17ff-4e4a-8a8a-1e73c8ef8676","settings":{}}},"block_order":["vendor","title","opinew-stars-plugin-product","caption","price","variant_picker","quantity_selector","buy_buttons","description","collapsible-row-3","collapsible-row-0","e59992b9-d7e4-4d2a-b5ad-7f4f197254f7","share"],"settings":{"enable_sticky_info":true,"gallery_layout":"stacked","media_size":"large","mobile_thumbnails":"hide","hide_variants":true,"enable_video_looping":false,"padding_top":36,"padding_bottom":12}},"image-with-text":{"type":"image-with-text","disabled":true,"blocks":{"image-with-text-0":{"type":"heading","settings":{"heading":"Image with text","heading_size":"h1"}},"image-with-text-1":{"type":"text","settings":{"text":"<p>Pair text with an image to focus on your chosen product, collection, or blog post. Add details on availability, style, or even provide a review.<\/p>","text_style":"body"}}},"block_order":["image-with-text-0","image-with-text-1"],"settings":{"height":"small","desktop_image_width":"medium","layout":"text_first","desktop_content_position":"top","desktop_content_alignment":"left","content_layout":"no-overlap","color_scheme":"background-2","mobile_content_alignment":"left","padding_top":36,"padding_bottom":36}},"multicolumn":{"type":"multicolumn","blocks":{"column-0":{"type":"column","settings":{"title":"Fast Shipping","text":"<p>We know you already want to hold it in your hands. That's why we ship our orders as fast as possible from Vienna, Austria.<\/p>","link_label":"","link":""}},"column-1":{"type":"column","settings":{"title":"Insta-challenge","text":"<p>Tag <a href=\"https:\/\/www.instagram.com\/skino_shop_\/\" title=\"https:\/\/www.instagram.com\/skino_shop_\/\">@skino_shop_<\/a> on a post or reel where you use this product and let us send you a little surprise with your next order.<\/p>","link_label":"","link":""}}},"block_order":["column-0","column-1"],"settings":{"title":"","heading_size":"h1","image_width":"full","image_ratio":"adapt","columns_desktop":2,"column_alignment":"left","background_style":"none","button_label":"","button_link":"","color_scheme":"background-1","columns_mobile":"1","swipe_on_mobile":false,"padding_top":36,"padding_bottom":36}},"product-recommendations":{"type":"product-recommendations","settings":{"heading":"You may also like","heading_size":"h2","products_to_show":4,"columns_desktop":4,"color_scheme":"background-1","image_ratio":"square","show_secondary_image":true,"show_vendor":false,"show_rating":false,"columns_mobile":"2","padding_top":36,"padding_bottom":28}},"opinew-reviews-product-page-code":{"type":"apps","blocks":{"opinew-reviews-widget":{"type":"shopify:\/\/apps\/opinew-product-reviews-app\/blocks\/product-widget\/e1d8e0dc-17ff-4e4a-8a8a-1e73c8ef8676","settings":{}}},"block_order":["opinew-reviews-widget"],"settings":{"include_margins":true}}},"order":["main","image-with-text","multicolumn","product-recommendations","opinew-reviews-product-page-code"]}